field_name,description
case_key_hash,"Pseudonymous case identifier derived from a hash, not the raw case number."
filing_date,"Governed court case analytics field used in the privacy, security, public-safety evaluation framework."
county,"Governed court case analytics field used in the privacy, security, public-safety evaluation framework."
case_title,"Governed court case analytics field used in the privacy, security, public-safety evaluation framework."
case_category,"Governed court case analytics field used in the privacy, security, public-safety evaluation framework."
case_subcategory,"Governed court case analytics field used in the privacy, security, public-safety evaluation framework."
complexity,"Governed court case analytics field used in the privacy, security, public-safety evaluation framework."
urgency_level,"Governed court case analytics field used in the privacy, security, public-safety evaluation framework."
source_channel,"Governed court case analytics field used in the privacy, security, public-safety evaluation framework."
label_quality,"Governed court case analytics field used in the privacy, security, public-safety evaluation framework."
sealed_record_indicator,"Governed court case analytics field used in the privacy, security, public-safety evaluation framework."
data_classification,"Governed court case analytics field used in the privacy, security, public-safety evaluation framework."
record_origin_disclaimer,"Governed court case analytics field used in the privacy, security, public-safety evaluation framework."
case_description_redacted,Redacted narrative used for model features; raw sensitive text is intentionally excluded.
pii_ssn,"Governed court case analytics field used in the privacy, security, public-safety evaluation framework."
pii_phone,"Governed court case analytics field used in the privacy, security, public-safety evaluation framework."
pii_email,"Governed court case analytics field used in the privacy, security, public-safety evaluation framework."
pii_dob,"Governed court case analytics field used in the privacy, security, public-safety evaluation framework."
pii_street_address,"Governed court case analytics field used in the privacy, security, public-safety evaluation framework."
pii_person_name_context,"Governed court case analytics field used in the privacy, security, public-safety evaluation framework."
pii_total,"Governed court case analytics field used in the privacy, security, public-safety evaluation framework."
sensitivity_classification,"Governed court case analytics field used in the privacy, security, public-safety evaluation framework."
privacy_risk_score_0_100,Risk score for PII and confidentiality exposure; higher score triggers stricter controls.
privacy_risk_tier,"Governed court case analytics field used in the privacy, security, public-safety evaluation framework."
security_risk_score_0_100,"Risk score for access, source-channel, sealed-record, and auditability concerns."
security_risk_tier,"Governed court case analytics field used in the privacy, security, public-safety evaluation framework."
public_safety_risk_score_0_100,"Risk score for protection order, violence, urgent safety, or vulnerable-party signals."
public_safety_risk_tier,"Governed court case analytics field used in the privacy, security, public-safety evaluation framework."
combined_risk_score_0_100,"Governed court case analytics field used in the privacy, security, public-safety evaluation framework."
combined_risk_tier,"Governed court case analytics field used in the privacy, security, public-safety evaluation framework."
privacy_criterion,"Governed court case analytics field used in the privacy, security, public-safety evaluation framework."
security_criterion,"Governed court case analytics field used in the privacy, security, public-safety evaluation framework."
public_safety_criterion,"Governed court case analytics field used in the privacy, security, public-safety evaluation framework."
allowed_processing_zone,"Governed court case analytics field used in the privacy, security, public-safety evaluation framework."
model_input_policy,"Governed court case analytics field used in the privacy, security, public-safety evaluation framework."
external_ai_policy,"Governed court case analytics field used in the privacy, security, public-safety evaluation framework."
encryption_at_rest_required,"Governed court case analytics field used in the privacy, security, public-safety evaluation framework."
encryption_in_transit_required,"Governed court case analytics field used in the privacy, security, public-safety evaluation framework."
rbac_minimum_role,"Governed court case analytics field used in the privacy, security, public-safety evaluation framework."
audit_event_required,"Governed court case analytics field used in the privacy, security, public-safety evaluation framework."
immutable_audit_fields,"Governed court case analytics field used in the privacy, security, public-safety evaluation framework."
automated_decision_allowed,Always No in this design because the model is for routing support only.
human_review_required,"Governed court case analytics field used in the privacy, security, public-safety evaluation framework."
go_no_go_status,Governance decision gate; determines whether workflow can proceed automatically or requires approval.
redaction_status,"Governed court case analytics field used in the privacy, security, public-safety evaluation framework."
raw_identifier_storage,"Governed court case analytics field used in the privacy, security, public-safety evaluation framework."
retention_control,"Governed court case analytics field used in the privacy, security, public-safety evaluation framework."
public_release_allowed,"Governed court case analytics field used in the privacy, security, public-safety evaluation framework."
risk_sentiment_bucket,"Governed court case analytics field used in the privacy, security, public-safety evaluation framework."
public_safety_signal,"Governed court case analytics field used in the privacy, security, public-safety evaluation framework."
predicted_category,"Governed court case analytics field used in the privacy, security, public-safety evaluation framework."
prediction_confidence,"Governed court case analytics field used in the privacy, security, public-safety evaluation framework."
model_version,"Governed court case analytics field used in the privacy, security, public-safety evaluation framework."
guardrail_action,"Governed court case analytics field used in the privacy, security, public-safety evaluation framework."
guardrail_reason,"Governed court case analytics field used in the privacy, security, public-safety evaluation framework."
review_priority,"Governed court case analytics field used in the privacy, security, public-safety evaluation framework."
